"Status","Start Time","Stop Time","Duration in ms","Parent Suite","Suite","Sub Suite","Test Class","Test Method","Name","Description"
"passed","Mon Apr 13 07:26:18 CST 2020","Mon Apr 13 07:26:19 CST 2020","1094","Suite","Test","com.testing.runner.WEBdataDriven","com.testing.runner.WEBdataDriven","f","f",""
"failed","Mon Apr 13 07:26:57 CST 2020","Mon Apr 13 07:27:28 CST 2020","31451","Suite","Test","com.testing.runner.WEBdataDriven2","com.testing.runner.WEBdataDriven2","f","f",""
"passed","Mon Apr 13 07:26:15 CST 2020","Mon Apr 13 07:26:17 CST 2020","1160","Suite","Test","com.testing.runner.WEBdataDriven","com.testing.runner.WEBdataDriven","f","f",""
"passed","Mon Apr 13 07:26:36 CST 2020","Mon Apr 13 07:26:38 CST 2020","1109","Suite","Test","com.testing.runner.WEBdataDriven","com.testing.runner.WEBdataDriven","f","f",""
"passed","Mon Apr 13 07:26:12 CST 2020","Mon Apr 13 07:26:13 CST 2020","1555","Suite","Test","com.testing.runner.WEBdataDriven","com.testing.runner.WEBdataDriven","f","f",""
"passed","Mon Apr 13 07:26:44 CST 2020","Mon Apr 13 07:26:45 CST 2020","1016","Suite","Test","com.testing.runner.WEBdataDriven","com.testing.runner.WEBdataDriven","f","f",""
"passed","Mon Apr 13 07:31:17 CST 2020","Mon Apr 13 07:31:18 CST 2020","1071","Suite","Test","com.testing.runner.WEBdataDriven3","com.testing.runner.WEBdataDriven3","f","f",""
"passed","Mon Apr 13 07:27:44 CST 2020","Mon Apr 13 07:27:46 CST 2020","1517","Suite","Test","com.testing.runner.WEBdataDriven3","com.testing.runner.WEBdataDriven3","f","f",""
"passed","Mon Apr 13 07:26:06 CST 2020","Mon Apr 13 07:26:08 CST 2020","2733","Suite","Test","com.testing.runner.WEBdataDriven","com.testing.runner.WEBdataDriven","f","f",""
"passed","Mon Apr 13 07:27:41 CST 2020","Mon Apr 13 07:27:42 CST 2020","1080","Suite","Test","com.testing.runner.WEBdataDriven3","com.testing.runner.WEBdataDriven3","f","f",""
"passed","Mon Apr 13 07:26:53 CST 2020","Mon Apr 13 07:26:55 CST 2020","1148","Suite","Test","com.testing.runner.WEBdataDriven2","com.testing.runner.WEBdataDriven2","f","f",""
"passed","Mon Apr 13 07:26:51 CST 2020","Mon Apr 13 07:26:53 CST 2020","2483","Suite","Test","com.testing.runner.WEBdataDriven2","com.testing.runner.WEBdataDriven2","f","f",""
"passed","Mon Apr 13 07:27:49 CST 2020","Mon Apr 13 07:27:51 CST 2020","1884","Suite","Test","com.testing.runner.WEBdataDriven3","com.testing.runner.WEBdataDriven3","f","f",""
"passed","Mon Apr 13 07:26:17 CST 2020","Mon Apr 13 07:26:18 CST 2020","1132","Suite","Test","com.testing.runner.WEBdataDriven","com.testing.runner.WEBdataDriven","f","f",""
"passed","Mon Apr 13 07:26:35 CST 2020","Mon Apr 13 07:26:36 CST 2020","1084","Suite","Test","com.testing.runner.WEBdataDriven","com.testing.runner.WEBdataDriven","f","f",""
"failed","Mon Apr 13 07:30:35 CST 2020","Mon Apr 13 07:31:07 CST 2020","31420","Suite","Test","com.testing.runner.WEBdataDriven3","com.testing.runner.WEBdataDriven3","f","f",""
"passed","Mon Apr 13 07:26:39 CST 2020","Mon Apr 13 07:26:40 CST 2020","1021","Suite","Test","com.testing.runner.WEBdataDriven","com.testing.runner.WEBdataDriven","f","f",""
"passed","Mon Apr 13 07:26:09 CST 2020","Mon Apr 13 07:26:11 CST 2020","1118","Suite","Test","com.testing.runner.WEBdataDriven","com.testing.runner.WEBdataDriven","f","f",""
"passed","Mon Apr 13 07:26:31 CST 2020","Mon Apr 13 07:26:32 CST 2020","1251","Suite","Test","com.testing.runner.WEBdataDriven","com.testing.runner.WEBdataDriven","f","f",""
"passed","Mon Apr 13 07:27:55 CST 2020","Mon Apr 13 07:27:56 CST 2020","1336","Suite","Test","com.testing.runner.WEBdataDriven3","com.testing.runner.WEBdataDriven3","f","f",""
"passed","Mon Apr 13 07:26:24 CST 2020","Mon Apr 13 07:26:25 CST 2020","1082","Suite","Test","com.testing.runner.WEBdataDriven","com.testing.runner.WEBdataDriven","f","f",""
"failed","Mon Apr 13 07:28:29 CST 2020","Mon Apr 13 07:29:00 CST 2020","31448","Suite","Test","com.testing.runner.WEBdataDriven3","com.testing.runner.WEBdataDriven3","f","f",""
"passed","Mon Apr 13 07:26:08 CST 2020","Mon Apr 13 07:26:09 CST 2020","1168","Suite","Test","com.testing.runner.WEBdataDriven","com.testing.runner.WEBdataDriven","f","f",""
"passed","Mon Apr 13 07:27:46 CST 2020","Mon Apr 13 07:27:47 CST 2020","1142","Suite","Test","com.testing.runner.WEBdataDriven3","com.testing.runner.WEBdataDriven3","f","f",""
"passed","Mon Apr 13 07:26:32 CST 2020","Mon Apr 13 07:26:33 CST 2020","1109","Suite","Test","com.testing.runner.WEBdataDriven","com.testing.runner.WEBdataDriven","f","f",""
"passed","Mon Apr 13 07:26:43 CST 2020","Mon Apr 13 07:26:44 CST 2020","1032","Suite","Test","com.testing.runner.WEBdataDriven","com.testing.runner.WEBdataDriven","f","f",""
"failed","Mon Apr 13 07:29:00 CST 2020","Mon Apr 13 07:29:31 CST 2020","31410","Suite","Test","com.testing.runner.WEBdataDriven3","com.testing.runner.WEBdataDriven3","f","f",""
"passed","Mon Apr 13 07:26:47 CST 2020","Mon Apr 13 07:26:51 CST 2020","4115","Suite","Test","com.testing.runner.WEBdataDriven2","com.testing.runner.WEBdataDriven2","f","f",""
"failed","Mon Apr 13 07:29:31 CST 2020","Mon Apr 13 07:30:03 CST 2020","31366","Suite","Test","com.testing.runner.WEBdataDriven3","com.testing.runner.WEBdataDriven3","f","f",""
"passed","Mon Apr 13 07:27:36 CST 2020","Mon Apr 13 07:27:39 CST 2020","2499","Suite","Test","com.testing.runner.WEBdataDriven3","com.testing.runner.WEBdataDriven3","f","f",""
"failed","Mon Apr 13 07:27:57 CST 2020","Mon Apr 13 07:28:29 CST 2020","31451","Suite","Test","com.testing.runner.WEBdataDriven3","com.testing.runner.WEBdataDriven3","f","f",""
"passed","Mon Apr 13 07:26:42 CST 2020","Mon Apr 13 07:26:43 CST 2020","1018","Suite","Test","com.testing.runner.WEBdataDriven","com.testing.runner.WEBdataDriven","f","f",""
"passed","Mon Apr 13 07:26:28 CST 2020","Mon Apr 13 07:26:29 CST 2020","1092","Suite","Test","com.testing.runner.WEBdataDriven","com.testing.runner.WEBdataDriven","f","f",""
"passed","Mon Apr 13 07:26:33 CST 2020","Mon Apr 13 07:26:34 CST 2020","1061","Suite","Test","com.testing.runner.WEBdataDriven","com.testing.runner.WEBdataDriven","f","f",""
"passed","Mon Apr 13 07:27:47 CST 2020","Mon Apr 13 07:27:48 CST 2020","1212","Suite","Test","com.testing.runner.WEBdataDriven3","com.testing.runner.WEBdataDriven3","f","f",""
"passed","Mon Apr 13 07:27:53 CST 2020","Mon Apr 13 07:27:55 CST 2020","1301","Suite","Test","com.testing.runner.WEBdataDriven3","com.testing.runner.WEBdataDriven3","f","f",""
"failed","Mon Apr 13 07:30:04 CST 2020","Mon Apr 13 07:30:35 CST 2020","31437","Suite","Test","com.testing.runner.WEBdataDriven3","com.testing.runner.WEBdataDriven3","f","f",""
"passed","Mon Apr 13 07:26:00 CST 2020","Mon Apr 13 07:26:06 CST 2020","5027","Suite","Test","com.testing.runner.WEBdataDriven","com.testing.runner.WEBdataDriven","f","f",""
"passed","Mon Apr 13 07:27:42 CST 2020","Mon Apr 13 07:27:44 CST 2020","1958","Suite","Test","com.testing.runner.WEBdataDriven3","com.testing.runner.WEBdataDriven3","f","f",""
"passed","Mon Apr 13 07:26:11 CST 2020","Mon Apr 13 07:26:12 CST 2020","1089","Suite","Test","com.testing.runner.WEBdataDriven","com.testing.runner.WEBdataDriven","f","f",""
"passed","Mon Apr 13 07:26:14 CST 2020","Mon Apr 13 07:26:15 CST 2020","1144","Suite","Test","com.testing.runner.WEBdataDriven","com.testing.runner.WEBdataDriven","f","f",""
"passed","Mon Apr 13 07:30:03 CST 2020","Mon Apr 13 07:30:04 CST 2020","1222","Suite","Test","com.testing.runner.WEBdataDriven3","com.testing.runner.WEBdataDriven3","f","f",""
"passed","Mon Apr 13 07:27:32 CST 2020","Mon Apr 13 07:27:36 CST 2020","3981","Suite","Test","com.testing.runner.WEBdataDriven3","com.testing.runner.WEBdataDriven3","f","f",""
"passed","Mon Apr 13 07:26:27 CST 2020","Mon Apr 13 07:26:28 CST 2020","1096","Suite","Test","com.testing.runner.WEBdataDriven","com.testing.runner.WEBdataDriven","f","f",""
"passed","Mon Apr 13 07:27:31 CST 2020","Mon Apr 13 07:27:32 CST 2020","1070","Suite","Test","com.testing.runner.WEBdataDriven2","com.testing.runner.WEBdataDriven2","f","f",""
"passed","Mon Apr 13 07:27:52 CST 2020","Mon Apr 13 07:27:53 CST 2020","1099","Suite","Test","com.testing.runner.WEBdataDriven3","com.testing.runner.WEBdataDriven3","f","f",""
"passed","Mon Apr 13 07:26:19 CST 2020","Mon Apr 13 07:26:20 CST 2020","1171","Suite","Test","com.testing.runner.WEBdataDriven","com.testing.runner.WEBdataDriven","f","f",""
"passed","Mon Apr 13 07:31:07 CST 2020","Mon Apr 13 07:31:17 CST 2020","10027","Suite","Test","com.testing.runner.WEBdataDriven3","com.testing.runner.WEBdataDriven3","f","f",""
"passed","Mon Apr 13 07:26:25 CST 2020","Mon Apr 13 07:26:27 CST 2020","1093","Suite","Test","com.testing.runner.WEBdataDriven","com.testing.runner.WEBdataDriven","f","f",""
"passed","Mon Apr 13 07:26:22 CST 2020","Mon Apr 13 07:26:23 CST 2020","1085","Suite","Test","com.testing.runner.WEBdataDriven","com.testing.runner.WEBdataDriven","f","f",""
"passed","Mon Apr 13 07:26:55 CST 2020","Mon Apr 13 07:26:56 CST 2020","1107","Suite","Test","com.testing.runner.WEBdataDriven2","com.testing.runner.WEBdataDriven2","f","f",""
"passed","Mon Apr 13 07:27:56 CST 2020","Mon Apr 13 07:27:57 CST 2020","1201","Suite","Test","com.testing.runner.WEBdataDriven3","com.testing.runner.WEBdataDriven3","f","f",""
"passed","Mon Apr 13 07:26:29 CST 2020","Mon Apr 13 07:26:30 CST 2020","1000","Suite","Test","com.testing.runner.WEBdataDriven","com.testing.runner.WEBdataDriven","f","f",""
"passed","Mon Apr 13 07:27:48 CST 2020","Mon Apr 13 07:27:49 CST 2020","1228","Suite","Test","com.testing.runner.WEBdataDriven3","com.testing.runner.WEBdataDriven3","f","f",""
"passed","Mon Apr 13 07:26:30 CST 2020","Mon Apr 13 07:26:31 CST 2020","1096","Suite","Test","com.testing.runner.WEBdataDriven","com.testing.runner.WEBdataDriven","f","f",""
"passed","Mon Apr 13 07:27:51 CST 2020","Mon Apr 13 07:27:52 CST 2020","1051","Suite","Test","com.testing.runner.WEBdataDriven3","com.testing.runner.WEBdataDriven3","f","f",""
"passed","Mon Apr 13 07:26:40 CST 2020","Mon Apr 13 07:26:41 CST 2020","1001","Suite","Test","com.testing.runner.WEBdataDriven","com.testing.runner.WEBdataDriven","f","f",""
"passed","Mon Apr 13 07:27:39 CST 2020","Mon Apr 13 07:27:40 CST 2020","1151","Suite","Test","com.testing.runner.WEBdataDriven3","com.testing.runner.WEBdataDriven3","f","f",""
"passed","Mon Apr 13 07:26:38 CST 2020","Mon Apr 13 07:26:39 CST 2020","1032","Suite","Test","com.testing.runner.WEBdataDriven","com.testing.runner.WEBdataDriven","f","f",""
"passed","Mon Apr 13 07:26:21 CST 2020","Mon Apr 13 07:26:22 CST 2020","1081","Suite","Test","com.testing.runner.WEBdataDriven","com.testing.runner.WEBdataDriven","f","f",""
"passed","Mon Apr 13 07:26:56 CST 2020","Mon Apr 13 07:26:57 CST 2020","1077","Suite","Test","com.testing.runner.WEBdataDriven2","com.testing.runner.WEBdataDriven2","f","f",""
"passed","Mon Apr 13 07:26:45 CST 2020","Mon Apr 13 07:26:46 CST 2020","1001","Suite","Test","com.testing.runner.WEBdataDriven","com.testing.runner.WEBdataDriven","f","f",""
"passed","Mon Apr 13 07:26:41 CST 2020","Mon Apr 13 07:26:42 CST 2020","1026","Suite","Test","com.testing.runner.WEBdataDriven","com.testing.runner.WEBdataDriven","f","f",""
"passed","Mon Apr 13 07:27:40 CST 2020","Mon Apr 13 07:27:41 CST 2020","1118","Suite","Test","com.testing.runner.WEBdataDriven3","com.testing.runner.WEBdataDriven3","f","f",""
"passed","Mon Apr 13 07:26:13 CST 2020","Mon Apr 13 07:26:14 CST 2020","1085","Suite","Test","com.testing.runner.WEBdataDriven","com.testing.runner.WEBdataDriven","f","f",""
"passed","Mon Apr 13 07:27:28 CST 2020","Mon Apr 13 07:27:31 CST 2020","3001","Suite","Test","com.testing.runner.WEBdataDriven2","com.testing.runner.WEBdataDriven2","f","f",""
"passed","Mon Apr 13 07:26:46 CST 2020","Mon Apr 13 07:26:47 CST 2020","1072","Suite","Test","com.testing.runner.WEBdataDriven","com.testing.runner.WEBdataDriven","f","f",""
"passed","Mon Apr 13 07:26:34 CST 2020","Mon Apr 13 07:26:35 CST 2020","1132","Suite","Test","com.testing.runner.WEBdataDriven","com.testing.runner.WEBdataDriven","f","f",""
"passed","Mon Apr 13 07:26:23 CST 2020","Mon Apr 13 07:26:24 CST 2020","1079","Suite","Test","com.testing.runner.WEBdataDriven","com.testing.runner.WEBdataDriven","f","f",""
"passed","Mon Apr 13 07:26:20 CST 2020","Mon Apr 13 07:26:21 CST 2020","1025","Suite","Test","com.testing.runner.WEBdataDriven","com.testing.runner.WEBdataDriven","f","f",""
